FULL NAME,TEAM,POS,FG_PCT,FG3_PCT,FT_PCT,REB,AST,STL,BLK,START_POSITION_1,START_POSITION_2,START_POSITION_3,START_POSITION_4,PTS/SEC
Bogdan Bogdanovic,Atlanta Hawks,G,0.513,0.417,0.906,3.7,3,0.88,0.28,0,0,1,0,0.008602151
Clint Capela,Atlanta Hawks,C,0.602,0,0.589,14.5,0.8,0.72,2.22,1,0,0,0,0.008552632
John Collins,Atlanta Hawks,F,0.604,0.377,0.84,7.6,1.4,0.52,1.02,0,1,0,0,0.009966777
Bruno Fernando,Atlanta Hawks,F,0.462,0,0.667,2.5,0.3,0.08,0.12,0,1,0,0,0.003431373
Danilo Gallinari,Atlanta Hawks,F,0.448,0.407,0.933,4.1,1.4,0.56,0.18,0,1,0,0,0.009305556
Brandon Goodwin,Atlanta Hawks,G,0.414,0.346,0.625,1.3,1.8,0.37,0,0,0,1,0,0.006284153
Solomon Hill,Atlanta Hawks,F,0.469,0.335,0.767,2.7,0.9,0.71,0.18,0,1,0,0,0.003802589
Kevin Huerter,Atlanta Hawks,G,0.5,0.372,0.818,3.4,3.5,1.16,0.25,0,0,1,0,0.006430868
De'Andre Hunter,Atlanta Hawks,F,0.596,0.356,0.867,5.1,2.1,0.9,0.5,0,1,0,0,0.008547009
Nathan Knight,Atlanta Hawks,F,0.44,0.208,0.805,2,0.2,0.32,0.28,0,1,0,0,0.00734127
Skylar Mays,Atlanta Hawks,G,0.439,0.345,0.857,1,0.8,0.42,0,0,0,1,0,0.007017544
Onyeka Okongwu,Atlanta Hawks,F,0.633,0,0.605,2.9,0.2,0.4,0.63,0,1,0,0,0.00623053
Cam Reddish,Atlanta Hawks,F,0.46,0.262,0.817,4,1.3,1.27,0.35,0,1,0,0,0.006459054
Rajon Rondo,Atlanta Hawks,G,0.415,0.378,0.5,2,3.5,0.7,0.07,0,0,1,0,0.004362416
Tony Snell,Atlanta Hawks,G,0.408,0.571,1,2.4,1.3,0.23,0.25,0,0,1,0,0.004365079
Lou Williams,Atlanta Hawks,G,0.395,0.458,0.875,1.4,3.3,0.5,0.1,0,0,1,0,0.007838983
Trae Young,Atlanta Hawks,G,0.472,0.357,0.871,3.9,9.5,0.83,0.19,0,0,1,0,0.012306202
Jaylen Brown,Boston Celtics,G,0.546,0.401,0.754,5.8,3.4,1.21,0.56,0,0,1,0,0.01202346
Carsen Edwards,Boston Celtics,G,0.65,0.295,0.778,0.9,0.4,0.22,0.04,0,0,1,0,0.008143939
Tacko Fall,Boston Celtics,C,0.75,0,0.308,2.7,0.1,0.07,0.86,1,0,0,0,0.006712963
Evan Fournier,Boston Celtics,G,0.333,0.478,0.75,1.8,1.8,1.25,0.75,0,0,1,0,0.006678281
Javonte Green,Boston Celtics,G,0.653,0.318,0.667,2.1,0.4,0.72,0.08,0,0,1,0,0.005072464
Luke Kornet,Boston Celtics,F,0.538,0.333,0.5,3.1,1.1,0,1.38,0,1,0,0,0.005514706
Romeo Langford,Boston Celtics,G,0.267,0.429,1,2.1,0.6,0.25,0.13,0,0,1,0,0.003156566
Aaron Nesmith,Boston Celtics,G,0.481,0.324,0.688,2.1,0.3,0.29,0.19,0,0,1,0,0.004230769
Semi Ojeleye,Boston Celtics,F,0.442,0.38,0.75,2.7,0.7,0.26,0,0,1,0,0,0.004519774
Jabari Parker,Boston Celtics,F,1,0,0.5,4,0,0,0,0,1,0,0,0.011677282
Payton Pritchard,Boston Celtics,G,0.489,0.407,0.885,2.2,1.8,0.53,0.16,0,0,1,0,0.006205674
Marcus Smart,Boston Celtics,G,0.48,0.355,0.788,3.3,5.6,1.47,0.53,0,0,1,0,0.00690184
Jayson Tatum,Boston Celtics,F,0.505,0.388,0.873,7.1,4.2,1.24,0.43,0,1,0,0,0.012172285
Jeff Teague,Boston Celtics,G,0.394,0.464,0.836,1.7,2.1,0.76,0.21,0,0,1,0,0.006353591
Daniel Theis,Boston Celtics,F,0.653,0.347,0.687,5.2,1.6,0.6,1.02,0,1,0,0,0.006462585
Tristan Thompson,Boston Celtics,C,0.54,0,0.604,8.1,1.1,0.4,0.48,1,0,0,0,0.005800294
Moritz Wagner,Boston Celtics,F,0.25,0.333,0.5,2.1,0.7,0,0.11,0,1,0,0,0.002941176
Kemba Walker,Boston Celtics,G,0.464,0.345,0.937,3.9,5.1,1.11,0.27,0,0,1,0,0.009447983
Tremont Waters,Boston Celtics,G,0.286,0.353,0.917,0.6,2.2,0.56,0,0,0,1,0,0.006018519
Robert Williams III,Boston Celtics,C,0.726,0,0.646,7,1.8,0.83,1.81,1,0,0,0,0.007231041
Grant Williams,Boston Celtics,F,0.494,0.371,0.528,2.9,1,0.55,0.35,0,1,0,0,0.003832442
LaMarcus Aldridge,Brooklyn Nets,C,0.488,0.8,1,4.8,2.6,0.6,2.2,1,0,0,0,0.008205128
Jarrett Allen,Brooklyn Nets,C,0.677,0,0.754,10.4,1.7,0.58,1.58,1,0,0,0,0.007017544
Bruce Brown,Brooklyn Nets,G,0.581,0.25,0.75,5,1.7,0.87,0.38,0,0,1,0,0.006352765
Chris Chiozza,Brooklyn Nets,G,0.391,0.31,0.765,1.1,3,0.32,0.27,0,0,1,0,0.006289308
Nicolas Claxton,Brooklyn Nets,F,0.6,0.2,0.5,5,1.1,0.76,1.2,0,1,0,0,0.005945946
Tyler Cook,Brooklyn Nets,F,0.333,0,0,0.5,0.5,0,0,0,1,0,0,0.001984127
Spencer Dinwiddie,Brooklyn Nets,G,0.444,0.286,1,4.3,3,0.67,0.33,0,0,1,0,0.005218069
Kevin Durant,Brooklyn Nets,F,0.581,0.462,0.87,6.7,5.2,0.58,1.29,0,1,0,0,0.013914373
Jeff Green,Brooklyn Nets,F,0.557,0.403,0.761,3.7,1.5,0.55,0.36,0,1,0,0,0.006390977
Blake Griffin,Brooklyn Nets,F,0.515,0.423,0.76,4.3,2.4,0.82,0.45,0,1,0,0,0.006565657
James Harden,Brooklyn Nets,G,0.548,0.361,0.867,8.7,11,1.26,0.68,0,0,1,0,0.011349419
Joe Harris,Brooklyn Nets,G,0.576,0.477,0.769,3.6,1.9,0.7,0.18,0,0,1,0,0.007763301
Kyrie Irving,Brooklyn Nets,G,0.573,0.389,0.916,4.8,6.1,1.27,0.61,0,0,1,0,0.012962963
Alize Johnson,Brooklyn Nets,F,0.69,0.25,1,4.9,0.8,0.4,0.2,0,1,0,0,0.009275362
Tyler Johnson,Brooklyn Nets,G,0.439,0.376,0.842,1.9,0.9,0.39,0,0,0,1,0,0.005325444
DeAndre Jordan,Brooklyn Nets,C,0.781,0,0.5,7.3,1.7,0.29,1.2,1,0,0,0,0.005780781
Rodions Kurucs,Brooklyn Nets,F,0,0.5,0,0.6,0.4,0,0,0,1,0,0,0.003125
Caris LeVert,Brooklyn Nets,G,0.474,0.349,0.765,4.3,6,1.08,0.5,0,0,1,0,0.011091127
Timothe Luwawu-Cabarrot,Brooklyn Nets,G,0.467,0.313,0.789,2.4,1.2,0.62,0.12,0,0,1,0,0.005729167
Norvel Pelle,Brooklyn Nets,C,0.429,0,0,2.3,0,0,1,1,0,0,0,0.003584229
Reggie Perry,Brooklyn Nets,F,0.5,0.2,0.769,3.1,0.7,0.29,0.29,0,1,0,0,0.006315789
Taurean Prince,Brooklyn Nets,F,0.459,0.351,0.889,2.8,0.6,0.67,0.67,0,1,0,0,0.007417582
Andre Roberson,Brooklyn Nets,G,0.167,0.125,0.5,3,0.8,0.6,0.2,0,0,1,0,0.001587302
Landry Shamet,Brooklyn Nets,G,0.453,0.406,0.845,1.8,1.3,0.52,0.11,0,0,1,0,0.007266983
Iman Shumpert,Brooklyn Nets,G,1,0,0,0.5,0,0.5,0,0,0,1,0,0.003030303
Noah Vonleh,Brooklyn Nets,F,0,0,0,0.3,0.3,0,0,0,1,0,0,0
LaMelo Ball,Charlotte Hornets,G,0.503,0.375,0.789,5.9,6.1,1.59,0.34,0,0,1,0,0.009265734
Bismack Biyombo,Charlotte Hornets,C,0.582,0,0.483,5.2,1.3,0.29,1.12,1,0,0,0,0.004226475
Miles Bridges,Charlotte Hornets,F,0.609,0.397,0.872,5.9,2,0.66,0.73,0,1,0,0,0.006737589
Vernon Carey Jr.,Charlotte Hornets,F,0.611,0.143,0.8,1.4,0.2,0.08,0.25,0,1,0,0,0.006349206
Nate Darling,Charlotte Hornets,G,0,0.286,1,0.2,0.2,0,0.17,0,0,1,0,0.00625
Devonte' Graham,Charlotte Hornets,G,0.377,0.374,0.823,2.7,5.2,1.02,0.09,0,0,1,0,0.007941834
Gordon Hayward,Charlotte Hornets,F,0.499,0.415,0.843,5.9,4.1,1.18,0.32,0,1,0,0,0.009607843
Caleb Martin,Charlotte Hornets,F,0.477,0.265,0.622,2.9,1.2,0.69,0.19,0,1,0,0,0.005555556
Cody Martin,Charlotte Hornets,F,0.524,0.265,0.571,2.7,1.5,0.59,0.2,0,1,0,0,0.004166667
Jalen McDaniels,Charlotte Hornets,F,0.557,0.35,0.757,2.6,0.8,0.52,0.29,0,1,0,0,0.006837607
Malik Monk,Charlotte Hornets,G,0.497,0.424,0.815,2.7,1.9,0.5,0.13,0,0,1,0,0.010061444
Nick Richards,Charlotte Hornets,C,0.571,0,0.636,0.6,0.1,0,0,1,0,0,0,0.004504505
Grant Riller,Charlotte Hornets,G,0,0.5,0,0,0.7,0,0,0,0,1,0,0.004901961
Terry Rozier,Charlotte Hornets,G,0.537,0.405,0.824,4.2,3.8,1.3,0.4,0,0,1,0,0.010147059
Brad Wanamaker,Charlotte Hornets,G,0.49,0.158,0.818,1.8,3.8,0.64,0.27,0,0,1,0,0.005964912
P.J. Washington,Charlotte Hornets,F,0.461,0.375,0.782,6.4,2.7,1,1.35,0,1,0,0,0.006666667
Cody Zeller,Charlotte Hornets,F,0.584,0.12,0.735,7.1,2,0.64,0.39,0,1,0,0,0.007087227
Al-Farouq Aminu,Chicago Bulls,F,0,0,1,3,0,0,0,0,1,0,0,0.002008032
Ryan Arcidiacono,Chicago Bulls,G,0.487,0.308,0.75,1.6,1.3,0.22,0,0,0,1,0,0.004740061
Troy Brown Jr.,Chicago Bulls,G,0.655,0.348,0.833,3.5,0.8,0.42,0.17,0,0,1,0,0.005156538
Wendell Carter Jr.,Chicago Bulls,C,0.526,0.364,0.739,7.8,2.2,0.56,0.75,1,0,0,0,0.007354926
Devon Dotson,Chicago Bulls,G,0.4,0,0,0.8,0.5,0.25,0,0,0,1,0,0.004065041
Cristiano Felicio,Chicago Bulls,F,0.75,0,0.6,1.2,0.5,0.18,0,0,1,0,0,0.004365079
Daniel Gafford,Chicago Bulls,F,0.69,0,0.659,3.3,0.5,0.35,1.1,0,1,0,0,0.006317204
Javonte Green,Chicago Bulls,G,0.2,0,0,1.5,0.5,0.5,0.5,0,0,1,0,0.001262626
Chandler Hutchison,Chicago Bulls,F,0.267,0.333,1,2.9,0.6,0.14,0,0,1,0,0,0.003479853
Luke Kornet,Chicago Bulls,F,0.75,0.261,0.5,1.2,0.3,0.15,0.54,0,1,0,0,0.00462963
Zach LaVine,Chicago Bulls,G,0.572,0.416,0.848,5.1,5.1,0.81,0.51,0,0,1,0,0.013020833
Lauri Markkanen,Chicago Bulls,F,0.588,0.387,0.842,5.5,0.9,0.44,0.33,0,1,0,0,0.008974359
Adam Mokoka,Chicago Bulls,G,0.714,0.125,0,0.4,0.4,0.22,0.11,0,0,1,0,0.004487179
Otto Porter Jr.,Chicago Bulls,F,0.477,0.4,0.838,5.5,2,0.48,0.16,0,1,0,0,0.007638889
Tomas Satoransky,Chicago Bulls,G,0.585,0.396,0.907,2.4,5,0.77,0.25,0,0,1,0,0.005532213
Garrett Temple,Chicago Bulls,G,0.527,0.336,0.816,2.9,2,0.88,0.45,0,0,1,0,0.004949875
Daniel Theis,Chicago Bulls,F,0.692,0.25,0.545,4.6,1.9,0.55,0.55,0,1,0,0,0.006944444
Denzel Valentine,Chicago Bulls,G,0.458,0.335,1,3.5,1.7,0.53,0.06,0,0,1,0,0.006723485
Nikola Vucevic,Chicago Bulls,C,0.521,0.464,0.867,10,3.6,1.08,0.92,1,0,0,0,0.011838006
Coby White,Chicago Bulls,G,0.47,0.34,0.907,4.2,4.5,0.53,0.15,0,0,1,0,0.007788671
Patrick Williams,Chicago Bulls,F,0.515,0.387,0.767,4.7,1.3,0.91,0.65,0,1,0,0,0.005438596
Thaddeus Young,Chicago Bulls,F,0.595,0.258,0.62,6.3,4.2,1.12,0.58,0,1,0,0,0.008265027
Jarrett Allen,Cleveland Cavaliers,C,0.632,0.385,0.698,9.9,1.7,0.4,1.63,1,0,0,0,0.007744108
Marques Bolden,Cleveland Cavaliers,C,0.333,0,0.625,1,0,0.33,0.33,1,0,0,0,0.004166667
Quinn Cook,Cleveland Cavaliers,G,0.379,0.462,1,1.7,1.9,0.43,0,0,0,1,0,0.00747549
Matthew Dellavedova,Cleveland Cavaliers,G,0.304,0.125,1,2,4.4,0.22,0,0,0,1,0,0.002513966
Damyean Dotson,Cleveland Cavaliers,G,0.519,0.278,0.688,2,2.1,0.4,0.11,0,0,1,0,0.005762411
Andre Drummond,Cleveland Cavaliers,C,0.484,0,0.597,13.5,2.6,1.6,1.16,1,0,0,0,0.010092272
Dante Exum,Cleveland Cavaliers,G,0.533,0.182,0.5,2.8,2.2,0.67,0.33,0,0,1,0,0.003264605
Yogi Ferrell,Cleveland Cavaliers,G,0.417,0.333,0,3.5,2.5,1.5,0.5,0,0,1,0,0.007799672
Darius Garland,Cleveland Cavaliers,G,0.467,0.403,0.849,2.4,6.1,1.15,0.11,0,0,1,0,0.008507463
Isaiah Hartenstein,Cleveland Cavaliers,C,0.62,0.4,0.63,7.4,2.6,0.6,1.4,1,0,0,0,0.007191201
Mfiondu Kabengele,Cleveland Cavaliers,F,1,0.333,0,1.7,0.3,0.67,0,0,1,0,0,0.00399061
Kevin Love,Cleveland Cavaliers,F,0.488,0.333,0.793,6.3,2,0.62,0.15,0,1,0,0,0.008641975
Thon Maker,Cleveland Cavaliers,F,0.625,0,0.909,2.3,0.5,0.25,0.5,0,1,0,0,0.006597222
JaVale McGee,Cleveland Cavaliers,C,0.549,0.25,0.655,5.2,1,0.48,1.21,1,0,0,0,0.00877193
Larry Nance Jr.,Cleveland Cavaliers,F,0.554,0.373,0.644,6.8,3.1,1.84,0.53,0,1,0,0,0.005015674
Isaac Okoro,Cleveland Cavaliers,F,0.507,0.313,0.717,2.8,1.8,1.06,0.43,0,1,0,0,0.004336468
Cedi Osman,Cleveland Cavaliers,F,0.436,0.3,0.743,3.3,2.6,0.9,0.16,0,1,0,0,0.006569848
Taurean Prince,Cleveland Cavaliers,G,0.379,0.425,0.826,3.8,2.4,0.63,0.56,0,0,1,0,0.007072829
Collin Sexton,Cleveland Cavaliers,G,0.514,0.367,0.816,2.9,4.1,1.13,0.11,0,0,1,0,0.011297852
Lamar Stevens,Cleveland Cavaliers,F,0.518,0.16,0.725,2.5,0.6,0.45,0.34,0,1,0,0,0.005598958
Brodric Thomas,Cleveland Cavaliers,G,0.381,0.2,0.813,1,0.7,0.43,0.29,0,0,1,0,0.004982818
Dean Wade,Cleveland Cavaliers,F,0.565,0.375,0.762,3.1,1.1,0.43,0.38,0,1,0,0,0.005263158
Dylan Windler,Cleveland Cavaliers,G,0.585,0.333,0.778,3.5,1.1,0.61,0.39,0,0,1,0,0.005252525
Tyler Bey,Dallas Mavericks,F,0.364,0,0.5,1.1,0.1,0,0.09,0,1,0,0,0.004285714
Jalen Brunson,Dallas Mavericks,G,0.596,0.392,0.78,3.6,3.4,0.52,0,0,0,1,0,0.008333333
Trey Burke,Dallas Mavericks,G,0.522,0.362,0.85,0.9,1.3,0.57,0.04,0,0,1,0,0.007575758
Willie Cauley-Stein,Dallas Mavericks,C,0.653,0.125,0.673,4.2,0.7,0.3,0.76,1,0,0,0,0.005321285
Luka Doncic,Dallas Mavericks,F,0.569,0.359,0.727,7.9,8.7,0.96,0.67,0,1,0,0,0.013580247
Dorian Finney-Smith,Dallas Mavericks,F,0.569,0.378,0.8,5.6,1.6,0.84,0.44,0,1,0,0,0.00482866
Josh Green,Dallas Mavericks,G,0.558,0.118,0.6,1.9,0.5,0.25,0.11,0,0,1,0,0.00379538
Tim Hardaway Jr.,Dallas Mavericks,G,0.514,0.386,0.8,3.3,1.7,0.45,0.15,0,0,1,0,0.0092723
Nate Hinton,Dallas Mavericks,G,0.5,0.167,0.667,0.4,0.3,0.29,0.07,0,0,1,0,0.007352941
Wes Iwundu,Dallas Mavericks,F,0.483,0.13,0.857,1.9,0.4,0.39,0.13,0,1,0,0,0.0028
James Johnson,Dallas Mavericks,F,0.612,0.25,0.586,3,1.7,0.83,0.79,0,1,0,0,0.00545977
Maxi Kleber,Dallas Mavericks,F,0.451,0.415,0.914,5.3,1.3,0.54,0.76,0,1,0,0,0.004285714
Boban Marjanovic,Dallas Mavericks,C,0.51,0,0.769,4.4,0.3,0.04,0.21,1,0,0,0,0.009074074
Nicolo Melli,Dallas Mavericks,F,0.462,0.316,1,2.6,0.7,0.2,0.2,0,1,0,0,0.003571429
Kristaps Porzingis,Dallas Mavericks,F,0.544,0.359,0.85,9.4,1.6,0.41,1.54,0,1,0,0,0.010881104
Dwight Powell,Dallas Mavericks,F,0.583,0.25,0.779,3.4,0.8,0.57,0.36,0,1,0,0,0.005251142
JJ Redick,Dallas Mavericks,G,0.167,0.5,0.667,1.5,0.8,0.25,0,0,0,1,0,0.007217848
Josh Richardson,Dallas Mavericks,G,0.525,0.315,0.91,3.5,2.8,0.89,0.41,0,0,1,0,0.00639413
Tyrell Terry,Dallas Mavericks,G,0.556,0,0.333,0.5,0.5,0.45,0,0,0,1,0,0.003267974
Will Barton,Denver Nuggets,G,0.465,0.374,0.782,4,3.2,0.91,0.42,0,0,1,0,0.006709265
Bol Bol,Denver Nuggets,C,0.542,0.474,0.583,0.8,0.3,0.08,0.38,1,0,0,0,0.008333333
Facundo Campazzo,Denver Nuggets,G,0.403,0.385,0.824,1.6,2.9,1,0.2,0,0,1,0,0.004473684
Vlatko Cancar,Denver Nuggets,F,0.579,0.263,0.875,1,0.3,0.3,0.07,0,1,0,0,0.00462963
Gary Clark,Denver Nuggets,F,0,0,0,0.5,0,0,0,0,1,0,0,0
PJ Dozier,Denver Nuggets,G,0.474,0.343,0.614,3.6,1.6,0.61,0.39,0,0,1,0,0.005858086
Aaron Gordon,Denver Nuggets,F,0.705,0.286,0.727,4.5,2.5,0.82,0.64,0,1,0,0,0.007046569
JaMychal Green,Denver Nuggets,F,0.541,0.408,0.837,5,0.8,0.51,0.35,0,1,0,0,0.007567568
R.J. Hampton,Denver Nuggets,G,0.476,0.278,0.75,2,0.6,0.2,0.08,0,0,1,0,0.004659498
Gary Harris,Denver Nuggets,G,0.556,0.32,0.733,2.5,1.7,0.89,0.21,0,0,1,0,0.005283224
Shaquille Harrison,Denver Nuggets,G,0.5,0,0,0,0,0,0,0,0,1,0,0.010416667
Isaiah Hartenstein,Denver Nuggets,C,0.513,0,0.611,2.8,0.5,0.37,0.67,1,0,0,0,0.006410256
Markus Howard,Denver Nuggets,G,0.429,0.156,0.5,0.4,0.4,0.07,0,0,0,1,0,0.005050505
Nikola Jokic,Denver Nuggets,C,0.599,0.422,0.855,11,8.8,1.46,0.64,1,0,0,0,0.012357955
JaVale McGee,Denver Nuggets,C,0.538,0,0.5,5,0.3,0.5,0.5,1,0,0,0,0.006666667
Paul Millsap,Denver Nuggets,F,0.555,0.372,0.714,4.8,1.6,0.84,0.66,0,1,0,0,0.006804281
Monte Morris,Denver Nuggets,G,0.532,0.377,0.789,2.2,3.2,0.7,0.3,0,0,1,0,0.006577267
Jamal Murray,Denver Nuggets,G,0.523,0.408,0.869,4,4.8,1.33,0.27,0,0,1,0,0.009953052
Zeke Nnaji,Denver Nuggets,F,0.632,0.408,0.8,1.6,0.1,0.14,0.11,0,1,0,0,0.005782313
Michael Porter Jr.,Denver Nuggets,F,0.629,0.427,0.768,7.7,1,0.63,0.93,0,1,0,0,0.009586057
Greg Whittington,Denver Nuggets,F,0,0,0,0,0,0,0,0,1,0,0,0
Saddiq Bey,Detroit Pistons,F,0.481,0.374,0.879,4.1,1.2,0.73,0.13,0,1,0,0,0.007385621
Tyler Cook,Detroit Pistons,F,0.615,0,0.529,3,0.4,0.29,0,0,1,0,0,0.005216285
Hamidou Diallo,Detroit Pistons,G,0.5,0.467,0.769,4.4,1.2,0.6,0.7,0,0,1,0,0.007932692
Sekou Doumbouya,Detroit Pistons,F,0.43,0.241,0.738,2.1,0.6,0.43,0.11,0,1,0,0,0.005012531
Wayne Ellington,Detroit Pistons,G,0.542,0.424,0.788,1.9,1.4,0.37,0.22,0,0,1,0,0.007348485
Jerami Grant,Detroit Pistons,F,0.469,0.354,0.86,4.7,2.9,0.7,1.1,0,1,0,0,0.010884354
Blake Griffin,Detroit Pistons,F,0.429,0.315,0.71,5.2,3.9,0.7,0.1,0,1,0,0,0.006549521
Killian Hayes,Detroit Pistons,G,0.368,0.25,0.833,2.2,3.9,1,0.38,0,0,1,0,0.00422427
Frank Jackson,Detroit Pistons,G,0.5,0.411,0.822,1.8,0.6,0.29,0,0,0,1,0,0.008547009
Josh Jackson,Detroit Pistons,G,0.487,0.321,0.727,4.1,2.1,0.88,0.71,0,0,1,0,0.009041835
Cory Joseph,Detroit Pistons,G,0.528,0.3,0.875,3.2,5.6,1.31,0.38,0,0,1,0,0.007114625
Saben Lee,Detroit Pistons,G,0.472,0.438,0.667,2,3.4,0.74,0.26,0,0,1,0,0.006021505
Rodney McGruder,Detroit Pistons,G,0.565,0.458,0.75,1.4,1,0.5,0.06,0,0,1,0,0.00785124
Svi Mykhailiuk,Detroit Pistons,G,0.519,0.333,0.8,2.1,1.6,0.75,0.17,0,0,1,0,0.006534091
Jahlil Okafor,Detroit Pistons,C,0.612,0.333,0.875,2,0.6,0.18,0.18,1,0,0,0,0.007026144
Mason Plumlee,Detroit Pistons,F,0.614,0,0.66,9,3.5,0.81,0.87,0,1,0,0,0.006343284
Derrick Rose,Detroit Pistons,G,0.455,0.333,0.84,1.9,4.2,1.2,0.27,0,0,1,0,0.010380117
Deividas Sirvydis,Detroit Pistons,F,0.25,0.308,0.75,0.6,0.1,0.07,0,0,1,0,0,0.007407407
Dennis Smith Jr.,Detroit Pistons,G,0.463,0.345,0.7,2.7,3.7,1,0.7,0,0,1,0,0.006207483
Isaiah Stewart,Detroit Pistons,F,0.595,0.429,0.652,6.3,0.9,0.49,1.05,0,1,0,0,0.005887231
Delon Wright,Detroit Pistons,G,0.515,0.348,0.789,4.6,5,1.58,0.53,0,0,1,0,0.005936073
Kent Bazemore,Golden State Warriors,G,0.484,0.412,0.689,3,1.6,0.89,0.45,0,0,1,0,0.006052142
Marquese Chriss,Golden State Warriors,F,0.444,0.2,0.5,6.5,1,0,1,0,1,0,0,0.008084577
Stephen Curry,Golden State Warriors,G,0.579,0.427,0.922,5.6,5.9,1.2,0.12,0,0,1,0,0.015196078
Draymond Green,Golden State Warriors,F,0.49,0.267,0.773,6.6,8.6,1.65,0.8,0,1,0,0,0.003571429
Damion Lee,Golden State Warriors,G,0.632,0.391,0.909,3.1,1.3,0.68,0.13,0,0,1,0,0.0057041
Kevon Looney,Golden State Warriors,F,0.592,0.267,0.7,4.4,1.9,0.41,0.37,0,1,0,0,0.003815261
Nico Mannion,Golden State Warriors,G,0.318,0.36,0.8,1.5,2.4,0.64,0.05,0,0,1,0,0.005764411
Mychal Mulder,Golden State Warriors,G,0.65,0.368,0.579,0.8,0.4,0.2,0.2,0,0,1,0,0.006166667
Kelly Oubre Jr.,Golden State Warriors,F,0.519,0.317,0.698,6,1.4,1.06,0.76,0,1,0,0,0.008279221
Eric Paschall,Golden State Warriors,F,0.529,0.321,0.719,3.2,1.3,0.31,0.18,0,1,0,0,0.009152216
Gary Payton II,Golden State Warriors,G,0.75,0.333,0.75,1.4,0,1,0.2,0,0,1,0,0.010810811
Jordan Poole,Golden State Warriors,G,0.56,0.341,0.909,1.4,2,0.47,0.11,0,0,1,0,0.01
Alen Smailagic,Golden State Warriors,F,0.5,0.4,0.25,0.9,0.1,0,0.43,0,1,0,0,0.006862745
Juan Toscano-Anderson,Golden State Warriors,F,0.696,0.431,0.739,3.9,2.3,0.63,0.43,0,1,0,0,0.004696133
Brad Wanamaker,Golden State Warriors,G,0.429,0.213,0.893,1.7,2.5,0.67,0.15,0,0,1,0,0.004895833
Andrew Wiggins,Golden State Warriors,F,0.527,0.387,0.697,4.7,2.3,0.95,0.95,0,1,0,0,0.009276249
James Wiseman,Golden State Warriors,C,0.542,0.316,0.628,5.8,0.7,0.28,0.92,1,0,0,0,0.008956386
D.J. Augustin,Houston Rockets,G,0.477,0.36,0.971,2.3,4,0.43,0,0,0,1,0,0.007986111
Avery Bradley,Houston Rockets,G,0.406,0.289,0.833,2.5,1.8,0.67,0.17,0,0,1,0,0.004184704
Armoni Brooks,Houston Rockets,G,0.6,0.524,0.333,2.2,0.8,0.6,0,0,0,1,0,0.008492569
Sterling Brown,Houston Rockets,G,0.496,0.423,0.806,4.4,1.4,0.75,0.24,0,0,1,0,0.005670816
Bruno Caboclo,Houston Rockets,F,0.667,0,0.5,2.3,0.2,0,0.33,0,1,0,0,0.007650273
DeMarcus Cousins,Houston Rockets,C,0.426,0.336,0.746,7.6,2.4,0.84,0.72,1,0,0,0,0.007920792
Eric Gordon,Houston Rockets,G,0.573,0.329,0.825,2.1,2.6,0.52,0.48,0,0,1,0,0.010159817
James Harden,Houston Rockets,G,0.556,0.347,0.883,5.1,10.4,0.88,0.75,0,0,1,0,0.011386593
Danuel House Jr.,Houston Rockets,F,0.467,0.36,0.661,3.9,1.9,0.65,0.45,0,1,0,0,0.005698529
DaQuan Jeffries,Houston Rockets,G,1,0,0,0,1,0,1,0,0,1,0,0.002525253
Mason Jones,Houston Rockets,G,0.48,0.359,0.614,2,1.5,0.23,0.04,0,0,1,0,0.00819209
Rodions Kurucs,Houston Rockets,F,0.5,0.133,0.5,1,0.4,0.55,0.36,0,1,0,0,0.002941176
Anthony Lamb,Houston Rockets,F,0.25,0.15,0.833,2.6,0.3,0.09,0.09,0,1,0,0,0.002898551
Kenyon Martin Jr.,Houston Rockets,F,0.565,0.353,0.761,4.8,0.7,0.5,0.87,0,1,0,0,0.005785838
Ben McLemore,Houston Rockets,G,0.431,0.331,0.719,2.1,0.9,0.63,0.09,0,0,1,0,0.00734127
David Nwaba,Houston Rockets,G,0.578,0.27,0.691,3.9,1,1,0.7,0,0,1,0,0.006784661
Victor Oladipo,Houston Rockets,G,0.465,0.32,0.783,4.8,5,1.2,0.5,0,0,1,0,0.010547264
Kelly Olynyk,Houston Rockets,F,0.744,0.422,0.842,7.8,2.8,1,0.69,0,1,0,0,0.010010823
Justin Patton,Houston Rockets,C,0.556,0.265,0.75,3.8,1.1,0.92,1.08,1,0,0,0,0.004736842
Kevin Porter Jr.,Houston Rockets,G,0.522,0.281,0.734,3.9,6.4,0.85,0.35,0,0,1,0,0.008122363
Ray Spalding,Houston Rockets,F,0.667,0,0,2,0,0,1,0,1,0,0,0.003546099
Jae'Sean Tate,Houston Rockets,F,0.623,0.306,0.73,5.4,2.2,1.19,0.6,0,1,0,0,0.00637931
Brodric Thomas,Houston Rockets,G,1,0.167,0.714,1,1,0.25,0.25,0,0,1,0,0.006830601
P.J. Tucker,Houston Rockets,F,0.467,0.314,0.783,4.6,1.4,0.88,0.56,0,1,0,0,0.002444444
John Wall,Houston Rockets,G,0.446,0.328,0.734,3.2,6.8,1.08,0.78,0,0,1,0,0.010695742
D.J. Wilson,Houston Rockets,F,0.457,0.333,0.615,3.1,0.6,0.38,0.63,0,1,0,0,0.006557377
Christian Wood,Houston Rockets,F,0.595,0.385,0.641,9.4,1.6,0.85,1.24,0,1,0,0,0.011024033
Goga Bitadze,Indiana Pacers,C,0.587,0.278,0.744,3.1,0.7,0.22,1.14,1,0,0,0,0.007727273
Brian Bowen II,Indiana Pacers,F,0.333,0,1,0.5,0,0,0,0,1,0,0,0.004938272
Oshae Brissett,Indiana Pacers,F,0.833,0.5,1,0.4,0.2,0.2,0.2,0,1,0,0,0.010884354
Malcolm Brogdon,Indiana Pacers,G,0.496,0.399,0.859,5,5.9,0.94,0.22,0,0,1,0,0.010161443
Aaron Holiday,Indiana Pacers,G,0.406,0.374,0.79,1.2,1.6,0.63,0.17,0,0,1,0,0.006896552
Justin Holiday,Indiana Pacers,F,0.507,0.375,0.788,3.6,1.6,1.23,0.41,0,1,0,0,0.005662393
Jeremy Lamb,Indiana Pacers,G,0.459,0.406,0.947,3.6,1.5,0.94,0.64,0,0,1,0,0.007902973
Jalen Lecque,Indiana Pacers,G,0.125,0,1,1.3,0.5,0,0,0,0,1,0,0.007222222
Caris LeVert,Indiana Pacers,G,0.502,0.296,0.824,4.6,4.1,1.65,0.55,0,0,1,0,0.0093107
Kelan Martin,Indiana Pacers,F,0.444,0.313,1,1.1,0.2,0.26,0.11,0,1,0,0,0.005882353
T.J. McConnell,Indiana Pacers,G,0.6,0.323,0.618,3.6,6.5,1.75,0.34,0,0,1,0,0.005317769
Doug McDermott,Indiana Pacers,F,0.631,0.381,0.845,3.6,1.3,0.31,0.08,0,1,0,0,0.008948087
Victor Oladipo,Indiana Pacers,G,0.47,0.362,0.73,5.7,4.2,1.67,0.22,0,0,1,0,0.01001001
Domantas Sabonis,Indiana Pacers,F,0.568,0.302,0.731,11.6,6,1.13,0.55,0,1,0,0,0.009290383
JaKarr Sampson,Indiana Pacers,F,0.511,0.25,0.7,2.1,0.1,0.1,0.35,0,1,0,0,0.007359307
Cassius Stanley,Indiana Pacers,G,0.308,0.167,0.8,0.7,0,0,0.13,0,0,1,0,0.006410256
Edmond Sumner,Indiana Pacers,G,0.6,0.358,0.806,1.6,0.7,0.58,0.19,0,0,1,0,0.007534247
Myles Turner,Indiana Pacers,C,0.606,0.335,0.782,6.5,1,0.85,3.38,1,0,0,0,0.006774194
T.J. Warren,Indiana Pacers,F,0.614,0,0.8,3.5,1.3,0.5,0,0,1,0,0,0.008786848
Nicolas Batum,Los Angeles Clippers,G,0.537,0.417,0.846,4.9,2.3,1.11,0.51,0,0,1,0,0.004988263
Patrick Beverley,Los Angeles Clippers,G,0.462,0.416,0.805,3.6,2.1,0.84,0.77,0,0,1,0,0.005698006
Amir Coffey,Los Angeles Clippers,G,0.5,0.426,0.609,0.9,0.4,0.23,0,0,0,1,0,0.005761317
DeMarcus Cousins,Los Angeles Clippers,C,0.471,0.2,0.5,2.4,1.2,0.6,0,1,0,0,0,0.007482993
Malik Fitts,Los Angeles Clippers,F,0,0.5,0,1,0,0,0,0,1,0,0,0.00462963
Paul George,Los Angeles Clippers,F,0.513,0.437,0.886,6.3,5.5,1.18,0.48,0,1,0,0,0.011706349
Serge Ibaka,Los Angeles Clippers,F,0.577,0.352,0.822,6.7,1.7,0.23,1.18,0,1,0,0,0.00769774
Reggie Jackson,Los Angeles Clippers,G,0.474,0.433,0.8,2.9,3.1,0.61,0.11,0,0,1,0,0.007669617
Mfiondu Kabengele,Los Angeles Clippers,F,0.357,0.222,0.833,0.6,0.2,0.09,0.13,0,1,0,0,0.004878049
Luke Kennard,Los Angeles Clippers,G,0.5,0.462,0.846,2.7,1.7,0.32,0.15,0,0,1,0,0.006887755
Kawhi Leonard,Los Angeles Clippers,F,0.562,0.393,0.878,6.7,5.1,1.67,0.43,0,1,0,0,0.01245155
Terance Mann,Los Angeles Clippers,G,0.51,0.429,0.786,3.8,1.6,0.45,0.23,0,0,1,0,0.005797101
Marcus Morris Sr.,Los Angeles Clippers,F,0.463,0.481,0.813,4.1,1,0.59,0.24,0,1,0,0,0.008492976
Daniel Oturu,Los Angeles Clippers,C,0.56,0,0.625,1.1,0.3,0.05,0.14,1,0,0,0,0.005813953
Patrick Patterson,Los Angeles Clippers,F,0.629,0.386,0.75,1.8,0.7,0.4,0.27,0,1,0,0,0.006028369
Rajon Rondo,Los Angeles Clippers,G,0.48,0.438,1,2,5,0.88,0.13,0,0,1,0,0.005893186
Lou Williams,Los Angeles Clippers,G,0.437,0.378,0.866,2.1,3.4,0.93,0.1,0,0,1,0,0.009208524
Ivica Zubac,Los Angeles Clippers,C,0.658,0,0.807,7.3,1.2,0.39,0.86,1,0,0,0,0.006756757
Kostas Antetokounmpo,Los Angeles Lakers,F,0.375,0,0.455,1.3,0.1,0.15,0.31,0,1,0,0,0.003603604
Devontae Cacok,Los Angeles Lakers,F,0.654,0,0.444,1.7,0.1,0.31,0.25,0,1,0,0,0.007692308
Kentavious Caldwell-Pope,Los Angeles Lakers,G,0.448,0.41,0.848,2.7,1.7,0.81,0.34,0,0,1,0,0.005616606
Alex Caruso,Los Angeles Lakers,G,0.455,0.415,0.655,2.9,2.6,1.15,0.21,0,0,1,0,0.004820261
Quinn Cook,Los Angeles Lakers,G,0.538,0.385,0.8,0.3,0.3,0.06,0.06,0,0,1,0,0.008974359
Anthony Davis,Los Angeles Lakers,F,0.575,0.293,0.715,8.4,3,1.35,1.78,0,1,0,0,0.011432927
Andre Drummond,Los Angeles Lakers,C,0.509,0,0.708,9,1.5,1.5,0.67,1,0,0,0,0.008507671
Jared Dudley,Los Angeles Lakers,F,0,0.4,0,1.7,0.5,0.09,0.09,0,1,0,0,0.001207729
Marc Gasol,Los Angeles Lakers,C,0.536,0.387,0.75,4,2.1,0.52,1.2,1,0,0,0,0.004615385
Montrezl Harrell,Los Angeles Lakers,F,0.631,0,0.713,6.7,1.1,0.68,0.75,0,1,0,0,0.009670782
Talen Horton-Tucker,Los Angeles Lakers,G,0.51,0.259,0.815,2.8,2.5,0.94,0.38,0,0,1,0,0.007360406
LeBron James,Los Angeles Lakers,F,0.593,0.368,0.703,7.9,7.9,1.05,0.59,0,1,0,0,0.012487709
Damian Jones,Los Angeles Lakers,C,0.941,0,0.917,3.3,0.1,0.13,0.88,1,0,0,0,0.006428571
Kyle Kuzma,Los Angeles Lakers,F,0.517,0.35,0.675,6.6,1.7,0.46,0.57,0,1,0,0,0.007511737
Wesley Matthews,Los Angeles Lakers,G,0.372,0.329,0.857,1.6,1,0.65,0.31,0,0,1,0,0.003976311
Alfonzo McKinnie,Los Angeles Lakers,F,0.6,0.438,0.529,1.3,0.2,0.15,0,0,1,0,0,0.007692308
Ben McLemore,Los Angeles Lakers,G,0.667,0.344,0.875,2,0.7,0.17,0.33,0,0,1,0,0.008857143
Markieff Morris,Los Angeles Lakers,F,0.56,0.35,0.732,4.8,1.2,0.33,0.35,0,1,0,0,0.006097561
Dennis Schroder,Los Angeles Lakers,G,0.467,0.337,0.846,3.5,5.5,1.17,0.25,0,0,1,0,0.008045977
Grayson Allen,Memphis Grizzlies,G,0.478,0.417,0.853,3.2,2.2,0.98,0.17,0,0,1,0,0.007378129
Kyle Anderson,Memphis Grizzlies,F,0.541,0.343,0.779,6,3.7,1.26,0.79,0,1,0,0,0.007448107
Desmond Bane,Memphis Grizzlies,G,0.495,0.462,0.825,3.1,1.7,0.67,0.2,0,0,1,0,0.007217262
Dillon Brooks,Memphis Grizzlies,G,0.46,0.343,0.833,3,2.4,1.19,0.37,0,0,1,0,0.009459459
Brandon Clarke,Memphis Grizzlies,F,0.558,0.302,0.667,5.6,1.7,1.04,0.84,0,1,0,0,0.007349081
Gorgui Dieng,Memphis Grizzlies,C,0.55,0.479,0.884,4.5,1.3,0.77,0.64,1,0,0,0,0.007790927
Tim Frazier,Memphis Grizzlies,G,0.333,0,0,1.3,2.3,0.33,0,0,0,1,0,0.002006173
Tyus Jones,Memphis Grizzlies,G,0.5,0.317,0.917,2.2,4,1.05,0.09,0,0,1,0,0.00622807
John Konchar,Memphis Grizzlies,G,0.517,0.351,0.833,2.9,1.1,0.91,0.22,0,0,1,0,0.004404762
Sean McDermott,Memphis Grizzlies,F,0.727,0.227,1,1.2,0.3,0.13,0.19,0,1,0,0,0.004166667
De'Anthony Melton,Memphis Grizzlies,G,0.507,0.453,0.771,3.2,2.7,1.23,0.49,0,0,1,0,0.008458961
Ja Morant,Memphis Grizzlies,G,0.497,0.274,0.739,3.6,7.3,0.83,0.17,0,0,1,0,0.009770115
Jontay Porter,Memphis Grizzlies,C,0.5,0.2,0,1.5,0.2,0.33,0,1,0,0,0,0.004040404
Killian Tillie,Memphis Grizzlies,F,0.4,0.217,0.8,1.4,0.3,0.42,0.58,0,1,0,0,0.004513889
Xavier Tillman,Memphis Grizzlies,F,0.609,0.314,0.69,4,1.3,0.76,0.56,0,1,0,0,0.006010929
Jonas Valanciunas,Memphis Grizzlies,C,0.602,0.333,0.774,12.5,1.8,0.52,0.74,1,0,0,0,0.010119048
Justise Winslow,Memphis Grizzlies,F,0.429,0.122,0.563,4.8,1.8,0.75,0.44,0,1,0,0,0.005634921
Precious Achiuwa,Miami Heat,F,0.551,0,0.515,3.5,0.5,0.32,0.49,0,1,0,0,0.006910569
Bam Adebayo,Miami Heat,C,0.57,0.25,0.803,9.3,5.2,0.98,1.12,1,0,0,0,0.009481038
Trevor Ariza,Miami Heat,F,0.407,0.379,0.8,4.2,1.6,0.69,0.63,0,1,0,0,0.005534351
Nemanja Bjelica,Miami Heat,F,0.75,0.188,0.333,2,1.1,0.25,0.25,0,1,0,0,0.004320988
Avery Bradley,Miami Heat,G,0.536,0.421,0.778,1.8,1.4,0.7,0.1,0,0,1,0,0.00671406
Jimmy Butler,Miami Heat,F,0.537,0.232,0.852,7.2,7.2,2.1,0.39,0,1,0,0,0.010583581
Dewayne Dedmon,Miami Heat,C,0.667,0,0.9,7.5,0.5,0,1,1,0,0,0,0.010030864
Goran Dragic,Miami Heat,G,0.504,0.339,0.816,3.4,4.5,0.65,0.14,0,0,1,0,0.008270677
Maurice Harkless,Miami Heat,F,0,0.455,0,1.2,0.6,0.18,0.36,0,1,0,0,0.002083333
Tyler Herro,Miami Heat,G,0.487,0.331,0.815,4.9,3.4,0.74,0.37,0,0,1,0,0.007931404
Andre Iguodala,Miami Heat,G,0.56,0.318,0.647,3.7,2.1,1,0.47,0,0,1,0,0.003504673
Meyers Leonard,Miami Heat,F,0,0.429,0.5,2.3,0.7,0,0,0,1,0,0,0.005612245
Kendrick Nunn,Miami Heat,G,0.546,0.37,0.913,3.1,2.7,1.05,0.26,0,0,1,0,0.00786385
KZ Okpala,Miami Heat,F,0.533,0.282,0.25,1.9,0.4,0.25,0.29,0,1,0,0,0.003278689
Victor Oladipo,Miami Heat,G,0.462,0.235,0.667,3.5,3.5,1.75,0.5,0,0,1,0,0.007194245
Kelly Olynyk,Miami Heat,F,0.634,0.318,0.775,6.1,2.1,0.93,0.6,0,1,0,0,0.006195787
Duncan Robinson,Miami Heat,F,0.628,0.408,0.847,3.5,1.8,0.56,0.26,0,1,0,0,0.00674974
Chris Silva,Miami Heat,F,0.667,1,0.733,2.3,0.5,0.09,0.45,0,1,0,0,0.006
Max Strus,Miami Heat,G,0.92,0.365,0.647,0.9,0.6,0.21,0.03,0,0,1,0,0.007866667
Gabe Vincent,Miami Heat,G,0.536,0.288,0.87,1.1,1.4,0.44,0.05,0,0,1,0,0.006326034
Jaylen Adams,Milwaukee Bucks,G,0.167,0,0,0.4,0.3,0,0,0,0,1,0,0.001923077
Giannis Antetokounmpo,Milwaukee Bucks,F,0.632,0.299,0.683,11.2,6.1,1.15,1.3,0,1,0,0,0.0140455
Thanasis Antetokounmpo,Milwaukee Bucks,F,0.582,0.292,0.462,2.5,0.8,0.43,0.23,0,1,0,0,0.005401235
D.J. Augustin,Milwaukee Bucks,G,0.349,0.38,0.9,1.4,3,0.54,0.03,0,0,1,0,0.005267703
Pat Connaughton,Milwaukee Bucks,G,0.573,0.382,0.735,4.8,1.3,0.66,0.34,0,0,1,0,0.005050505
Torrey Craig,Milwaukee Bucks,F,0.417,0.364,0.5,2.4,0.9,0.5,0.39,0,1,0,0,0.003720238
Mamadi Diakite,Milwaukee Bucks,F,0.45,0.143,1,2.3,0.5,0.27,0.45,0,1,0,0,0.004844961
Donte DiVincenzo,Milwaukee Bucks,G,0.458,0.384,0.732,5.6,3.1,1.17,0.17,0,0,1,0,0.006424242
Bryn Forbes,Milwaukee Bucks,G,0.493,0.438,0.766,1.4,0.6,0.33,0,0,0,1,0,0.008376511
Jrue Holiday,Milwaukee Bucks,G,0.558,0.406,0.831,4.5,5.5,1.75,0.5,0,0,1,0,0.009043113
Rodions Kurucs,Milwaukee Bucks,F,0.5,0.75,0,2.3,1,0.75,0,0,1,0,0,0.007333333
Brook Lopez,Milwaukee Bucks,C,0.617,0.349,0.854,5.1,0.7,0.62,1.38,1,0,0,0,0.007142857
Sam Merrill,Milwaukee Bucks,G,0.45,0.462,1,1.1,0.8,0.2,0.04,0,0,1,0,0.006493506
Khris Middleton,Milwaukee Bucks,F,0.502,0.433,0.886,6.1,5.6,1.13,0.19,0,1,0,0,0.01002994
Jordan Nwora,Milwaukee Bucks,F,0.426,0.438,0.789,1.8,0.3,0.57,0.22,0,1,0,0,0.009574468
Bobby Portis,Milwaukee Bucks,F,0.54,0.468,0.74,7.2,1.1,0.77,0.37,0,1,0,0,0.008841941
Jeff Teague,Milwaukee Bucks,G,0.533,0.333,0.9,1.6,3.2,0.11,0.33,0,0,1,0,0.006460674
Axel Toupane,Milwaukee Bucks,G,0.333,0.5,0.714,0.8,0.5,0.25,0.38,0,0,1,0,0.003896104
P.J. Tucker,Milwaukee Bucks,F,0.5,0.4,0,3,0.5,0.33,0.33,0,1,0,0,0.002941176
D.J. Wilson,Milwaukee Bucks,F,0.4,0.357,0.5,2.1,0.3,0.08,0.33,0,1,0,0,0.006896552
Malik Beasley,Minnesota Timberwolves,G,0.487,0.399,0.85,4.4,2.4,0.81,0.19,0,0,1,0,0.00995935
Jarrett Culver,Minnesota Timberwolves,G,0.487,0.245,0.604,3.1,0.7,0.5,0.26,0,0,1,0,0.00600907
Ed Davis,Minnesota Timberwolves,C,0.432,0,0.833,5.1,1,0.59,0.59,1,0,0,0,0.002756892
Anthony Edwards,Minnesota Timberwolves,G,0.454,0.32,0.788,4.4,2.7,1.1,0.4,0,0,1,0,0.009637913
Ashton Hagans,Minnesota Timberwolves,G,0,0,0,0,0,0,0,0,0,1,0,0
Juancho Hernangomez,Minnesota Timberwolves,F,0.574,0.321,0.682,4,0.6,0.36,0.1,0,1,0,0,0.006767677
Jake Layman,Minnesota Timberwolves,F,0.647,0.288,0.703,1.5,0.7,0.69,0.4,0,1,0,0,0.006177156
Jaden McDaniels,Minnesota Timberwolves,F,0.514,0.375,0.59,3.6,1.1,0.53,0.98,0,1,0,0,0.00497076
Jordan McLaughlin,Minnesota Timberwolves,G,0.405,0.347,0.75,2.2,4.2,1.13,0.16,0,0,1,0,0.004311774
Jaylen Nowell,Minnesota Timberwolves,G,0.497,0.338,0.824,2.3,1.6,0.55,0.26,0,0,1,0,0.008421986
Josh Okogie,Minnesota Timberwolves,G,0.469,0.287,0.821,2.5,1.1,1,0.47,0,0,1,0,0.004326923
Naz Reid,Minnesota Timberwolves,C,0.586,0.341,0.73,4.6,1.1,0.54,1.07,1,0,0,0,0.009450172
Ricky Rubio,Minnesota Timberwolves,G,0.431,0.301,0.856,3.2,6.6,1.44,0.06,0,0,1,0,0.005343511
D'Angelo Russell,Minnesota Timberwolves,G,0.454,0.399,0.802,2.4,4.9,1,0.43,0,0,1,0,0.01143201
Karl-Anthony Towns,Minnesota Timberwolves,C,0.542,0.395,0.874,10.8,4.6,0.69,1.39,1,0,0,0,0.012037037
Jarred Vanderbilt,Minnesota Timberwolves,F,0.605,0.25,0.565,5.4,1.3,0.94,0.76,0,1,0,0,0.005076628
Steven Adams,New Orleans Pelicans,C,0.627,0,0.441,9.1,2,0.94,0.66,1,0,0,0,0.004626335
Nickeil Alexander-Walker,New Orleans Pelicans,G,0.487,0.348,0.75,3.1,2,0.98,0.51,0,0,1,0,0.00821256
Lonzo Ball,New Orleans Pelicans,G,0.497,0.373,0.792,4.2,5.6,1.4,0.58,0,0,1,0,0.007454739
Eric Bledsoe,New Orleans Pelicans,G,0.469,0.345,0.734,3.5,3.7,0.7,0.3,0,0,1,0,0.006524123
Wenyen Gabriel,New Orleans Pelicans,F,0.167,0.2,0.5,1.6,0.6,0.11,0,0,1,0,0,0.002836879
Josh Hart,New Orleans Pelicans,G,0.587,0.326,0.775,8,2.3,0.81,0.26,0,0,1,0,0.005342625
Jaxson Hayes,New Orleans Pelicans,C,0.663,0.5,0.763,3.8,0.6,0.36,0.51,1,0,0,0,0.007094595
Willy Hernangomez,New Orleans Pelicans,C,0.56,0.125,0.604,6.4,0.9,0.33,0.48,1,0,0,0,0.006751055
Brandon Ingram,New Orleans Pelicans,F,0.51,0.382,0.886,5,4.8,0.73,0.67,0,1,0,0,0.011623439
Wes Iwundu,New Orleans Pelicans,F,0.6,0.154,0.846,2.8,0.4,0.44,0.11,0,1,0,0,0.004248366
James Johnson,New Orleans Pelicans,F,0.492,0.278,0.708,4.1,2.7,0.91,1.27,0,1,0,0,0.005943627
Kira Lewis Jr.,New Orleans Pelicans,G,0.437,0.345,0.774,1.2,2.3,0.74,0.18,0,0,1,0,0.006666667
Naji Marshall,New Orleans Pelicans,F,0.39,0.333,0.762,3.3,2.2,0.59,0.35,0,1,0,0,0.005298651
Nicolo Melli,New Orleans Pelicans,F,0.364,0.189,0.857,2.6,1.1,0.41,0.05,0,1,0,0,0.003030303
James Nunnally,New Orleans Pelicans,F,1,0,0,1,0,0,0,0,1,0,0,0.002252252
JJ Redick,New Orleans Pelicans,G,0.486,0.364,0.957,1.7,1.3,0.29,0.06,0,0,1,0,0.007795699
Isaiah Thomas,New Orleans Pelicans,G,0.4,0.25,1,1.3,1.7,0.33,0,0,0,1,0,0.007971014
Sindarius Thornwell,New Orleans Pelicans,G,0.333,0.333,0,0.4,0.3,0.36,0.07,0,0,1,0,0.003846154
Zion Williamson,New Orleans Pelicans,F,0.625,0.3,0.699,7.2,3.7,0.92,0.69,0,1,0,0,0.013494461
Will Magnay,New Orleans Pelicans,C,0,0,0,0,0,0,0,1,0,0,0,0
RJ Barrett,New York Knicks,F,0.471,0.383,0.736,5.7,2.9,0.78,0.26,0,1,0,0,0.008455523
Ignas Brazdeikis,New York Knicks,F,0,0,1,0.5,0.3,0,0,0,1,0,0,0.00462963
Reggie Bullock,New York Knicks,G,0.508,0.401,0.889,3.4,1.4,0.78,0.16,0,0,1,0,0.005889282
Alec Burks,New York Knicks,G,0.42,0.408,0.865,4.5,2.2,0.68,0.27,0,0,1,0,0.008139535
Taj Gibson,New York Knicks,F,0.644,0.214,0.682,5.5,0.7,0.77,1,0,1,0,0,0.004025765
Jared Harper,New York Knicks,G,0,0,1,0,0,0,0,0,0,1,0,0.003623188
Kevin Knox II,New York Knicks,F,0.412,0.395,0.778,1.6,0.5,0.31,0.17,0,1,0,0,0.00596206
Nerlens Noel,New York Knicks,C,0.613,0,0.696,6.4,0.7,1.02,2.14,1,0,0,0,0.003632479
Frank Ntilikina,New York Knicks,G,0.222,0.474,0.5,1.1,0.7,0.65,0.09,0,0,1,0,0.004678363
Elfrid Payton,New York Knicks,G,0.475,0.287,0.697,3.7,3.5,0.76,0.18,0,0,1,0,0.00755814
Norvel Pelle,New York Knicks,C,0.667,0,0.5,2,0,0.33,1,1,0,0,0,0.005151515
Theo Pinson,New York Knicks,G,1,0,0,0.1,0.1,0,0,0,0,1,0,0.000757576
Immanuel Quickley,New York Knicks,G,0.391,0.375,0.894,2.3,2.1,0.47,0.21,0,0,1,0,0.009930915
Julius Randle,New York Knicks,F,0.483,0.405,0.802,10.5,6.1,0.96,0.26,0,1,0,0,0.010561497
Austin Rivers,New York Knicks,G,0.517,0.364,0.714,2.2,2,0.57,0,0,0,1,0,0.005766193
Mitchell Robinson,New York Knicks,C,0.653,0,0.491,8.1,0.5,1.13,1.45,1,0,0,0,0.005030303
Derrick Rose,New York Knicks,G,0.45,0.368,0.851,2.4,3.9,0.95,0.59,0,0,1,0,0.008498024
Dennis Smith Jr.,New York Knicks,G,0.333,0,0.833,0.7,1,1,0,0,0,1,0,0.005434783
Obi Toppin,New York Knicks,F,0.619,0.273,0.727,2.2,0.5,0.25,0.23,0,1,0,0,0.005952381
Darius Bazley,Oklahoma City Thunder,F,0.492,0.291,0.703,7.4,1.5,0.49,0.59,0,1,0,0,0.006709957
Tony Bradley,Oklahoma City Thunder,C,0.672,0,0.714,6.8,1,0.42,0.92,1,0,0,0,0.007823129
Moses Brown,Oklahoma City Thunder,C,0.546,0,0.62,8.5,0.1,0.57,1.14,1,0,0,0,0.006984127
Hamidou Diallo,Oklahoma City Thunder,G,0.512,0.293,0.629,5.2,2.4,0.97,0.38,0,0,1,0,0.008333333
Luguentz Dort,Oklahoma City Thunder,G,0.46,0.351,0.727,3.6,1.6,0.98,0.38,0,0,1,0,0.007826577
Shai Gilgeous-Alexander,Oklahoma City Thunder,G,0.547,0.418,0.808,4.7,5.9,0.77,0.66,0,0,1,0,0.011721068
Josh Hall,Oklahoma City Thunder,F,0.28,0.1,0.586,2,1.3,0,0,0,1,0,0,0.003494624
George Hill,Oklahoma City Thunder,G,0.619,0.386,0.84,2.1,3.1,0.86,0.14,0,0,1,0,0.00747782
Jaylen Hoard,Oklahoma City Thunder,F,0.484,0,0.789,3.3,1,0.71,0.14,0,1,0,0,0.00552677
Al Horford,Oklahoma City Thunder,C,0.51,0.368,0.818,6.7,3.4,0.89,0.93,1,0,0,0,0.008482676
Justin Jackson,Oklahoma City Thunder,F,0.515,0.306,0.857,2.2,1.5,0.45,0.06,0,1,0,0,0.007272727
Ty Jerome,Oklahoma City Thunder,G,0.439,0.4,0.696,2.8,3.6,0.58,0.17,0,0,1,0,0.006707317
Theo Maledon,Oklahoma City Thunder,G,0.408,0.339,0.728,3.5,3.3,0.9,0.12,0,0,1,0,0.005839416
Darius Miller,Oklahoma City Thunder,F,0.833,0.405,1,1.3,1.2,0.67,0.28,0,1,0,0,0.006269113
Mike Muscala,Oklahoma City Thunder,F,0.614,0.37,0.917,3.8,0.8,0.23,0.31,0,1,0,0,0.008786232
Svi Mykhailiuk,Oklahoma City Thunder,G,0.571,0.329,0.667,3.2,1.5,0.82,0.18,0,0,1,0,0.006824713
Aleksej Pokusevski,Oklahoma City Thunder,C,0.397,0.274,0.846,4.9,2,0.41,1.15,1,0,0,0,0.005367232
Justin Robinson,Oklahoma City Thunder,G,0.6,0.308,0.6,1,1.3,0.33,0,0,0,1,0,0.004820937
Isaiah Roby,Oklahoma City Thunder,F,0.551,0.338,0.716,5.7,1.9,0.81,0.68,0,1,0,0,0.006312057
Kenrich Williams,Oklahoma City Thunder,G,0.564,0.441,0.58,4.1,2.2,0.77,0.21,0,0,1,0,0.005849359
Chuma Okeke,Orlando Magic,F,0.473,0.353,0.743,4,2.2,0.93,0.53,0,1,0,0,0.004945799
Otto Porter Jr.,Orlando Magic,F,0.5,0.111,1,4.7,1.7,1.33,0,0,1,0,0,0.006006006
Chasson Randle,Orlando Magic,G,0.408,0.37,0.8,1.7,1.8,0.46,0.08,0,0,1,0,0.004529915
Terrence Ross,Orlando Magic,G,0.469,0.337,0.87,3.4,2.4,1.02,0.46,0,0,1,0,0.00887372
Nikola Vucevic,Orlando Magic,C,0.515,0.406,0.827,11.8,3.8,0.95,0.64,1,0,0,0,0.011974585
Al-Farouq Aminu,Orlando Magic,F,0.5,0.226,0.824,5.4,1.7,1,0.53,0,1,0,0,0.004243827
Cole Anthony,Orlando Magic,G,0.42,0.303,0.849,4.5,4.2,0.63,0.47,0,0,1,0,0.007142857
Dwayne Bacon,Orlando Magic,G,0.446,0.305,0.846,3,1.2,0.54,0.07,0,0,1,0,0.00690571
Mo Bamba,Orlando Magic,C,0.553,0.382,0.606,4.4,0.5,0.18,0.97,1,0,0,0,0.009139785
Khem Birch,Orlando Magic,C,0.479,0.19,0.741,5.1,1.1,0.67,0.58,1,0,0,0,0.004461279
Jordan Bone,Orlando Magic,G,0.591,0.313,0,1.7,1.3,0.14,0,0,0,1,0,0.004761905
Devin Cannady,Orlando Magic,G,0.25,0.333,0.857,0.4,0.2,0.6,0.2,0,0,1,0,0.007650273
Wendell Carter Jr.,Orlando Magic,C,0.61,0.267,0.721,8.8,1.9,1,1,1,0,0,0,0.008451537
Michael Carter-Williams,Orlando Magic,G,0.431,0.246,0.613,4.5,4.1,0.81,0.55,0,0,1,0,0.005684755
Gary Clark,Orlando Magic,F,0.391,0.287,0.8,3.2,0.9,0.34,0.2,0,1,0,0,0.003113553
James Ennis III,Orlando Magic,F,0.504,0.436,0.815,4.1,1.5,0.82,0.18,0,1,0,0,0.005898491
Evan Fournier,Orlando Magic,G,0.536,0.388,0.797,2.9,3.7,1.04,0.35,0,0,1,0,0.010836084
Robert Franks,Orlando Magic,F,1,0.5,0.75,1.3,0.7,0,0.33,0,1,0,0,0.006761006
Markelle Fultz,Orlando Magic,G,0.42,0.25,0.895,3.1,5.4,1,0.25,0,0,1,0,0.007992565
Aaron Gordon,Orlando Magic,F,0.475,0.375,0.629,6.6,4.2,0.64,0.8,0,1,0,0,0.008276644
Donta Hall,Orlando Magic,C,0.667,0,0.8,5,2.5,1,1.5,1,0,0,0,0.004016064
R.J. Hampton,Orlando Magic,G,0.522,0.258,0.609,4.1,1.6,0.83,0.25,0,0,1,0,0.006845238
Gary Harris,Orlando Magic,G,0.306,0.462,0.882,1.4,3.2,0.6,0.6,0,0,1,0,0.007133593
Karim Mane,Orlando Magic,G,0.182,0.5,0.8,1.4,0.4,0,0.2,0,0,1,0,0.002083333
Frank Mason,Orlando Magic,G,0.368,0.4,0.714,3,3,0,0,0,0,1,0,0.00530303
Tony Bradley,Philadelphia 76ers,C,0.689,0,0.636,5.2,0.9,0.3,0.65,1,0,0,0,0.006365741
Ignas Brazdeikis,Philadelphia 76ers,F,0,0,0,2,0,0,0,0,1,0,0,0
Seth Curry,Philadelphia 76ers,G,0.48,0.41,0.894,2.2,2.8,0.77,0.18,0,0,1,0,0.006920415
Joel Embiid,Philadelphia 76ers,C,0.544,0.379,0.855,11.1,3,1.03,1.45,1,0,0,0,0.01552795
Terrance Ferguson,Philadelphia 76ers,G,0.5,0,0,0.1,0.2,0.08,0,0,0,1,0,0.000877193
Danny Green,Philadelphia 76ers,G,0.444,0.412,0.758,3.7,1.7,1.31,0.87,0,0,1,0,0.005672515
Tobias Harris,Philadelphia 76ers,F,0.555,0.407,0.886,7.2,3.6,0.92,0.88,0,1,0,0,0.01026026
Dwight Howard,Philadelphia 76ers,C,0.607,0.25,0.579,8.3,0.7,0.44,0.93,1,0,0,0,0.00651341
Isaiah Joe,Philadelphia 76ers,G,0.35,0.333,0.889,1,0.6,0.28,0.14,0,0,1,0,0.005612245
Mason Jones,Philadelphia 76ers,G,0.75,0.5,0,0.8,0.5,0,0,0,0,1,0,0.00982906
Furkan Korkmaz,Philadelphia 76ers,G,0.458,0.376,0.724,2.1,1.3,0.96,0.18,0,0,1,0,0.007993197
Dakota Mathias,Philadelphia 76ers,G,0.5,0.308,0.333,0.9,1.6,0.13,0.38,0,0,1,0,0.006493506
Tyrese Maxey,Philadelphia 76ers,G,0.5,0.282,0.868,1.5,1.6,0.34,0.15,0,0,1,0,0.008274232
Shake Milton,Philadelphia 76ers,G,0.507,0.338,0.852,2.3,3,0.65,0.27,0,0,1,0,0.009444444
Vincent Poirier,Philadelphia 76ers,C,0.273,0,0.333,1.3,0.2,0,0.3,1,0,0,0,0.003418803
Paul Reed,Philadelphia 76ers,F,0.553,0,0.25,1.8,0.4,0.29,0.41,0,1,0,0,0.006313131
Mike Scott,Philadelphia 76ers,F,0.441,0.333,0.6,2.6,0.6,0.54,0.19,0,1,0,0,0.004095238
Ben Simmons,Philadelphia 76ers,G,0.55,0.3,0.615,7.6,7.1,1.6,0.65,0,0,1,0,0.007407407
Matisse Thybulle,Philadelphia 76ers,G,0.575,0.307,0.5,1.9,0.9,1.49,1,0,0,1,0,0.003178694
Anthony Tolliver,Philadelphia 76ers,F,0,0,0,2,1,0,1,0,1,0,0,0
Rayjon Tucker,Philadelphia 76ers,G,0.333,0.5,1,0.8,0.3,0,0,0,0,1,0,0.007017544
Ty-Shon Alexander,Phoenix Suns,G,0.333,0.143,0.5,0.6,0.1,0,0.11,0,0,1,0,0.003645833
Deandre Ayton,Phoenix Suns,C,0.638,0.2,0.76,10.8,1.4,0.52,1.13,1,0,0,0,0.008251366
Devin Booker,Phoenix Suns,G,0.545,0.349,0.862,4.1,4.5,0.87,0.27,0,0,1,0,0.01264881
Mikal Bridges,Phoenix Suns,F,0.625,0.409,0.822,4.5,2.2,0.95,0.86,0,1,0,0,0.006645898
Jevon Carter,Phoenix Suns,G,0.556,0.371,0.5,1.5,1.2,0.43,0.18,0,0,1,0,0.005705706
Torrey Craig,Phoenix Suns,F,0.643,0.4,0.625,4.1,0.9,0.69,0.38,0,1,0,0,0.006603774
Jae Crowder,Phoenix Suns,F,0.48,0.387,0.761,4.9,2.1,0.83,0.4,0,1,0,0,0.005978261
Langston Galloway,Phoenix Suns,G,0.5,0.451,1,1,0.7,0.18,0,0,0,1,0,0.007207207
Cameron Johnson,Phoenix Suns,F,0.57,0.384,0.872,3.3,1.5,0.6,0.3,0,1,0,0,0.007010014
Damian Jones,Phoenix Suns,C,0.533,0,0.545,1.3,0.3,0.07,0.36,1,0,0,0,0.0039801
Frank Kaminsky,Phoenix Suns,F,0.5,0.4,0.564,3.6,1.6,0.29,0.38,0,1,0,0,0.007126437
E'Twaun Moore,Phoenix Suns,G,0.479,0.276,0.8,1.8,1.5,0.58,0.17,0,0,1,0,0.004942529
Abdel Nader,Phoenix Suns,F,0.534,0.419,0.757,2.6,0.8,0.42,0.38,0,1,0,0,0.007545045
Chris Paul,Phoenix Suns,G,0.533,0.362,0.931,4.6,8.7,1.49,0.18,0,0,1,0,0.008280255
Cameron Payne,Phoenix Suns,G,0.523,0.4,0.854,2.3,3.7,0.6,0.2,0,0,1,0,0.006992337
Dario Saric,Phoenix Suns,F,0.527,0.364,0.867,4.1,1.3,0.55,0.08,0,1,0,0,0.008945386
Jalen Smith,Phoenix Suns,F,0.5,0.182,0.333,1,0.1,0.05,0.1,0,1,0,0,0.004924242
Carmelo Anthony,Portland Trail Blazers,F,0.432,0.385,0.88,3.2,1.6,0.73,0.62,0,1,0,0,0.008994709
Keljin Blevins,Portland Trail Blazers,G,0.222,0,0,0.2,0.4,0.2,0,0,0,1,0,0.00130719
Robert Covington,Portland Trail Blazers,F,0.483,0.385,0.809,6.6,1.7,1.57,1.26,0,1,0,0,0.004620976
CJ Elleby,Portland Trail Blazers,F,0.591,0.222,0.636,1,0.2,0.29,0.14,0,1,0,0,0.005479452
Harry Giles III,Portland Trail Blazers,F,0.417,0.467,0.682,3.9,0.8,0.2,0.33,0,1,0,0,0.004692557
Rondae Hollis-Jefferson,Portland Trail Blazers,F,0.333,0,0.7,2,1.3,0.33,0,0,1,0,0,0.005505952
Rodney Hood,Portland Trail Blazers,G,0.41,0.298,0.75,1.9,1.2,0.53,0.11,0,0,1,0,0.004101222
Derrick Jones Jr.,Portland Trail Blazers,F,0.617,0.328,0.634,4,0.8,0.7,1.02,0,1,0,0,0.005054645
Enes Kanter,Portland Trail Blazers,C,0.608,0,0.784,11.8,1.3,0.5,0.71,1,0,0,0,0.007604563
Damian Lillard,Portland Trail Blazers,G,0.51,0.379,0.925,4.2,7.7,0.88,0.27,0,0,1,0,0.013324048
Nassir Little,Portland Trail Blazers,F,0.591,0.371,0.825,2.7,0.5,0.14,0.32,0,1,0,0,0.006028369
CJ McCollum,Portland Trail Blazers,G,0.492,0.396,0.818,3.9,4.7,1.06,0.52,0,0,1,0,0.011607143
Jusuf Nurkic,Portland Trail Blazers,C,0.51,0.348,0.589,7.5,3.1,0.95,0.95,1,0,0,0,0.006888889
Norman Powell,Portland Trail Blazers,G,0.511,0.353,0.846,3.3,1.7,1.58,0.5,0,0,1,0,0.008506429
Anfernee Simons,Portland Trail Blazers,G,0.387,0.413,0.81,2.3,1.4,0.21,0.13,0,0,1,0,0.007878788
Gary Trent Jr.,Portland Trail Blazers,G,0.438,0.397,0.773,2.2,1.4,0.9,0.15,0,0,1,0,0.008116883
Marvin Bagley III,Sacramento Kings,F,0.547,0.354,0.56,7.4,0.9,0.49,0.51,0,1,0,0,0.009014267
Harrison Barnes,Sacramento Kings,F,0.568,0.374,0.826,6.6,3.4,0.8,0.19,0,1,0,0,0.007208448
Nemanja Bjelica,Sacramento Kings,F,0.565,0.293,0.762,3.8,1.9,0.31,0.08,0,1,0,0,0.007100592
Terence Davis,Sacramento Kings,G,0.556,0.37,0.727,2.3,1.3,0.67,0.25,0,0,1,0,0.008064516
De'Aaron Fox,Sacramento Kings,G,0.545,0.323,0.713,3.5,7.2,1.48,0.46,0,0,1,0,0.011979167
Kyle Guy,Sacramento Kings,G,0.462,0.313,0.833,1,0.9,0.18,0,0,0,1,0,0.007004831
Tyrese Haliburton,Sacramento Kings,G,0.531,0.411,0.837,3,5,1.31,0.53,0,0,1,0,0.007023411
Maurice Harkless,Sacramento Kings,F,0.615,0.226,0.867,2.5,1.3,0.83,0.67,0,1,0,0,0.004204893
Buddy Hield,Sacramento Kings,G,0.449,0.382,0.833,4.5,3.1,0.84,0.38,0,0,1,0,0.008017493
Richaun Holmes,Sacramento Kings,F,0.651,0.2,0.797,8.9,1.7,0.68,1.64,0,1,0,0,0.007833333
Justin James,Sacramento Kings,G,0.52,0.294,0.417,0.4,0.6,0.12,0.04,0,0,1,0,0.005
DaQuan Jeffries,Sacramento Kings,G,0.517,0.321,0.857,1.6,0.3,0.39,0.22,0,0,1,0,0.004521964
Damian Jones,Sacramento Kings,C,0.5,0,0.333,2.3,0.7,1,0.33,1,0,0,0,0.002882206
Cory Joseph,Sacramento Kings,G,0.513,0.33,0.766,2.3,2.5,0.86,0.2,0,0,1,0,0.005116279
Chimezie Metu,Sacramento Kings,F,0.58,0.3,0.65,2.6,0.6,0.21,0.5,0,1,0,0,0.007706093
Jabari Parker,Sacramento Kings,F,0.667,0,0,2,0.3,0,0.33,0,1,0,0,0.004945055
Norvel Pelle,Sacramento Kings,C,0,0,0.75,1,1,0,0,1,0,0,0,0.013157895
Jahmi'us Ramsey,Sacramento Kings,G,1,0.333,0,0.8,0.2,0,0.2,0,0,1,0,0.006862745
Glenn Robinson III,Sacramento Kings,F,0.473,0.364,0.913,2,0.9,0.17,0.13,0,1,0,0,0.005486542
Chris Silva,Sacramento Kings,F,0.333,0,0,0.7,0,0,0,0,1,0,0,0.005072464
Hassan Whiteside,Sacramento Kings,C,0.559,0,0.526,6.1,0.6,0.26,1.35,1,0,0,0,0.009
Robert Woodard II,Sacramento Kings,F,0.6,0.25,0.375,1,0,0,0.18,0,1,0,0,0.01025641
Delon Wright,Sacramento Kings,G,0.449,0.4,0.913,2.8,2,1.17,0,0,0,1,0,0.006330128
LaMarcus Aldridge,San Antonio Spurs,C,0.509,0.36,0.838,4.5,1.7,0.38,0.86,1,0,0,0,0.008815959
Keita Bates-Diop,San Antonio Spurs,F,0.364,0.333,0.7,1.2,0.4,0.44,0.06,0,1,0,0,0.005
DeMar DeRozan,San Antonio Spurs,G,0.517,0.281,0.88,4.3,7.2,0.91,0.26,0,0,1,0,0.010392157
Gorgui Dieng,San Antonio Spurs,C,0.6,0.2,0.714,3,0.8,0.5,0.25,1,0,0,0,0.00530303
Drew Eubanks,San Antonio Spurs,F,0.56,1,0.683,4,0.8,0.35,1.03,0,1,0,0,0.006447689
Rudy Gay,San Antonio Spurs,F,0.442,0.385,0.789,5,1.5,0.75,0.6,0,1,0,0,0.008525346
Keldon Johnson,San Antonio Spurs,F,0.53,0.336,0.733,6.4,1.8,0.56,0.46,0,1,0,0,0.00748538
Tre Jones,San Antonio Spurs,G,0.442,1,1,0.5,0.5,0.23,0,0,0,1,0,0.006
Trey Lyles,San Antonio Spurs,F,0.58,0.35,0.652,3.7,0.6,0.26,0.04,0,1,0,0,0.00534188
Patty Mills,San Antonio Spurs,G,0.516,0.387,0.908,1.8,2.5,0.64,0.04,0,0,1,0,0.0078125
Dejounte Murray,San Antonio Spurs,G,0.488,0.329,0.802,6.9,5.2,1.6,0.11,0,0,1,0,0.008280591
Jakob Poeltl,San Antonio Spurs,C,0.623,0,0.419,8,1.8,0.61,1.65,1,0,0,0,0.00525641
Cameron Reynolds,San Antonio Spurs,F,0.5,0,0,0,0,0,0,0,1,0,0,0.005555556
Luka Samanic,San Antonio Spurs,F,0.605,0.25,0.524,2.1,0.5,0.22,0.26,0,1,0,0,0.006423611
Devin Vassell,San Antonio Spurs,G,0.42,0.408,0.879,2.8,0.9,0.82,0.31,0,0,1,0,0.005289421
Lonnie Walker IV,San Antonio Spurs,G,0.481,0.353,0.807,2.7,1.6,0.51,0.33,0,0,1,0,0.007349081
Quinndary Weatherspoon,San Antonio Spurs,G,0.429,0,0.875,0.4,0.3,0.31,0.13,0,0,1,0,0.004347826
Derrick White,San Antonio Spurs,G,0.467,0.343,0.851,2.7,3.4,0.71,1.03,0,0,1,0,0.008361582
OG Anunoby,Toronto Raptors,F,0.558,0.393,0.765,5.7,2,1.59,0.68,0,1,0,0,0.007474747
Aron Baynes,Toronto Raptors,C,0.529,0.237,0.73,5.1,0.9,0.3,0.4,1,0,0,0,0.005311355
DeAndre' Bembry,Toronto Raptors,G,0.605,0.273,0.698,2.7,1.9,0.79,0.36,0,0,1,0,0.004788214
Khem Birch,Toronto Raptors,C,0.516,0.5,0.636,6,0.8,1,1.4,1,0,0,0,0.005905512
Chris Boucher,Toronto Raptors,F,0.613,0.391,0.787,6.7,1.1,0.59,1.9,0,1,0,0,0.009504132
Terence Davis,Toronto Raptors,G,0.489,0.361,0.889,1.9,1.1,0.5,0.21,0,0,1,0,0.007931034
Henry Ellenson,Toronto Raptors,F,0.6,0.222,0.75,6,2.5,0,0.5,0,1,0,0,0.006510417
Malachi Flynn,Toronto Raptors,G,0.383,0.316,0.739,2.1,2.7,0.76,0.15,0,0,1,0,0.005491329
Freddie Gillespie,Toronto Raptors,F,0.68,0,0.833,3.8,0.5,0.5,1,0,1,0,0,0.006605691
Jalen Harris,Toronto Raptors,G,0,0.5,0,0.8,0.5,0.25,0,0,0,1,0,0.003809524
Rodney Hood,Toronto Raptors,G,0.409,0.333,0.909,1.8,0.4,0.1,0.3,0,0,1,0,0.00552017
Stanley Johnson,Toronto Raptors,F,0.467,0.345,0.828,2.3,1.2,0.76,0.34,0,1,0,0,0.003881279
Alex Len,Toronto Raptors,C,0.5,0.5,0.5,1.6,0.4,0.14,0.86,1,0,0,0,0.003549383
Kyle Lowry,Toronto Raptors,G,0.49,0.391,0.88,5.5,7.3,1.1,0.23,0,0,1,0,0.008236994
Patrick McCaw,Toronto Raptors,G,1,0,1,0.6,0.8,0.4,0,0,0,1,0,0.002487562
Norman Powell,Toronto Raptors,G,0.552,0.439,0.865,3,1.8,1.12,0.19,0,0,1,0,0.010745614
Pascal Siakam,Toronto Raptors,F,0.512,0.282,0.839,7.2,4.7,1.09,0.76,0,1,0,0,0.009737828
Matt Thomas,Toronto Raptors,G,0.333,0.415,0.857,0.8,0.3,0.08,0,0,0,1,0,0.006081081
Gary Trent Jr.,Toronto Raptors,G,0.471,0.389,0.813,3.6,1.6,1.25,0.25,0,0,1,0,0.008829365
Fred VanVleet,Toronto Raptors,G,0.422,0.366,0.885,4.2,6.1,1.71,0.8,0,0,1,0,0.00900277
Yuta Watanabe,Toronto Raptors,G,0.492,0.4,0.826,3.3,0.7,0.51,0.44,0,0,1,0,0.004975124
Paul Watson,Toronto Raptors,G,0.444,0.469,0.625,1.7,0.6,0.19,0.11,0,0,1,0,0.006212121
Udoka Azubuike,Utah Jazz,C,0.571,0,0.667,1.1,0,0.08,0.33,1,0,0,0,0.004065041
Bojan Bogdanovic,Utah Jazz,F,0.461,0.383,0.874,4,1.8,0.54,0.05,0,1,0,0,0.0083878
Jarrell Brantley,Utah Jazz,F,0.667,0.389,1,1,0.3,0.16,0.11,0,1,0,0,0.007777778
Jordan Clarkson,Utah Jazz,G,0.524,0.347,0.946,4,2.2,0.87,0.15,0,0,1,0,0.01124031
Mike Conley,Utah Jazz,G,0.487,0.415,0.854,3.3,5.7,1.33,0.18,0,0,1,0,0.009141583
Derrick Favors,Utah Jazz,F,0.626,0,0.74,5.5,0.8,0.51,1.04,0,1,0,0,0.006129032
Trent Forrest,Utah Jazz,G,0.5,0,1,0.5,1.3,0.25,0.06,0,0,1,0,0.00273224
Rudy Gobert,Utah Jazz,C,0.675,0,0.613,13.6,1.3,0.54,2.86,1,0,0,0,0.007717042
Shaquille Harrison,Utah Jazz,G,0.333,0,0.833,0.5,0.5,0.12,0,0,0,1,0,0.005050505
Elijah Hughes,Utah Jazz,G,0.4,0.429,0.75,0.6,0.4,0.09,0.09,0,0,1,0,0.010648148
Ersan Ilyasova,Utah Jazz,F,0.333,0.435,1,1.7,0.2,0.67,0.22,0,1,0,0,0.007427536
Joe Ingles,Utah Jazz,F,0.595,0.486,0.868,3.7,4.3,0.71,0.19,0,1,0,0,0.007469136
Donovan Mitchell,Utah Jazz,G,0.476,0.386,0.845,4.4,5.2,0.98,0.28,0,0,1,0,0.013173653
Juwan Morgan,Utah Jazz,F,0.7,0.273,0.429,1,0.3,0.19,0,0,1,0,0,0.003921569
Georges Niang,Utah Jazz,F,0.493,0.406,1,2.3,0.7,0.3,0.09,0,1,0,0,0.006712963
Royce O'Neale,Utah Jazz,F,0.591,0.368,0.857,6.9,2.5,0.75,0.48,0,1,0,0,0.003582555
Miye Oni,Utah Jazz,G,0.444,0.343,0.833,1.7,0.3,0.15,0.17,0,0,1,0,0.004022989
Matt Thomas,Utah Jazz,G,0.5,0.143,0,1.4,0.7,0.14,0,0,0,1,0,0.004597701
Deni Avdija,Washington Wizards,F,0.537,0.327,0.643,4.8,1.2,0.6,0.29,0,1,0,0,0.004487179
Bradley Beal,Washington Wizards,G,0.541,0.338,0.897,4.8,4.8,1.15,0.34,0,0,1,0,0.014642185
Jordan Bell,Washington Wizards,F,0.412,0,0,4.8,1.3,0.75,0.75,0,1,0,0,0.003535354
Davis Bertans,Washington Wizards,F,0.457,0.4,0.873,3,0.9,0.61,0.24,0,1,0,0,0.007619048
Isaac Bonga,Washington Wizards,G,0.5,0.286,0.5,1.8,0.6,0.26,0.23,0,0,1,0,0.002923977
Troy Brown Jr.,Washington Wizards,G,0.442,0.304,0.667,2.9,0.9,0.14,0.19,0,0,1,0,0.005231144
Thomas Bryant,Washington Wizards,C,0.714,0.429,0.667,6.1,1.5,0.4,0.8,1,0,0,0,0.008794588
Daniel Gafford,Washington Wizards,F,0.64,0,0.636,5.9,0.4,0.71,2.14,0,1,0,0,0.010693642
Anthony Gill,Washington Wizards,F,0.556,0.167,0.8,1.5,0.2,0.22,0.11,0,1,0,0,0.003459119
Rui Hachimura,Washington Wizards,F,0.51,0.316,0.759,5.7,1.5,0.85,0.09,0,1,0,0,0.007097792
Chandler Hutchison,Washington Wizards,F,0.423,0.2,0.778,3.8,0.8,0.5,0,0,1,0,0,0.005197133
Alex Len,Washington Wizards,C,0.665,0.235,0.602,4.2,0.9,0.32,1.1,1,0,0,0,0.007613169
Robin Lopez,Washington Wizards,C,0.654,0.278,0.703,4,0.9,0.25,0.57,1,0,0,0,0.007333333
Garrison Mathews,Washington Wizards,G,0.514,0.4,0.892,1.5,0.5,0.5,0.12,0,0,1,0,0.005617978
Raul Neto,Washington Wizards,G,0.498,0.362,0.833,2.2,2.1,1.1,0.08,0,0,1,0,0.00660066
Anzejs Pasecniks,Washington Wizards,C,0,0,0,1,1,0,0,1,0,0,0,0
Jerome Robinson,Washington Wizards,G,0.321,0.262,0.8,2.2,1.5,0.71,0.35,0,0,1,0,0.004562384
Ish Smith,Washington Wizards,G,0.446,0.393,0.571,3.3,4.3,0.64,0.21,0,0,1,0,0.005172414
Moritz Wagner,Washington Wizards,F,0.613,0.31,0.788,2.9,1.3,0.88,0.32,0,1,0,0,0.007888889
Russell Westbrook,Washington Wizards,G,0.477,0.312,0.624,10.9,10.8,1.24,0.37,0,0,1,0,0.010310734
Cassius Winston,Washington Wizards,G,0.357,0.467,0.833,0.6,0.6,0.13,0.06,0,0,1,0,0.006969697